A,B,C
-0.087491634,0.398000222,0.014274565
-1.071704607,-0.546473227,0.072424457
2.747074977,2.012649471,3.08396416
3.217913014,2.21377238,4.260312409
-0.607273104,0.793914458,-0.516091491
-0.211915064,0.327701762,-0.176617201
4.019112473,3.413443028,3.348242522
2.75160927,1.853015808,1.372020079
0.214352906,-0.965321925,0.196771526
-0.270354403,-0.432668984,-1.00905538
3.466027154,2.533203841,2.762961101
1.397614402,1.718715877,0.354712487
0.931317426,1.052383983,0.245386758
0.113823224,2.520141292,1.902258512
1.827720014,3.243893511,2.142795987
1.43601087,2.047267081,2.144959407
3.182035143,2.090602177,2.863433936
1.542844432,1.555206073,0.291036377
1.766709011,0.917305758,1.801955078
1.658082382,1.889748787,1.780936652
0.992656503,0.120629533,-0.351859624
2.508926489,2.235907021,2.208598099
0.99282423,-0.235720371,-0.490264789
0.559298417,-0.374852753,0.462406143
2.668789666,2.387826749,2.010400821
0.041546657,1.263180281,0.804766204
3.229286112,2.674931086,3.094419911
0.427599787,0.247907166,-0.422088479
0.256512914,1.218405692,0.560961992
1.740951645,1.869285871,1.314302471
0.693070031,0.813936064,0.775118976
0.826019226,-0.081158045,-0.441592576
3.39413526,2.904563514,2.785962978
2.601686901,1.653283704,2.130788232
2.224868836,1.734165329,2.31737121
1.029045887,-0.004880496,-0.282254819
1.88999057,1.159796138,1.730066911
2.841404165,1.653270163,2.266048736
0.0347315,-0.236040281,0.375291698
1.247802309,1.200487806,1.940597259
1.973593165,2.544350578,1.67586669
1.170777944,2.206429101,2.476279292
2.653554768,3.390353389,3.067073848
1.267009311,1.152757769,0.870312597
2.110391147,3.006291378,3.1775659
0.42781551,-0.184032428,0.838200885
-0.919989708,-0.357746458,-0.308002271
3.679913184,3.1971285,2.992162246
2.726317985,3.694193829,3.526371808
2.674930105,2.276928346,1.221702625
-0.64913556,0.581730615,0.94926546
0.898749346,0.833759789,1.141597049
2.373675845,2.121113261,3.675906357
2.469227782,4.303697879,2.317083309
3.320076094,3.908940096,2.7416475
4.031634974,2.238284043,2.659499893
1.800435985,2.80021888,0.535738372
-0.128239643,1.17882016,-0.129533605
3.027698544,1.62154897,3.400768836
-0.334030908,0.065896689,-0.193646898
0.011866738,-0.77591443,-0.783264711
0.617532601,0.230571785,0.300818039
0.090018928,-1.631006435,0.380497207
0.234472828,0.326844947,-0.278859911
2.65112931,2.604933679,1.303833175
2.768939296,2.156631006,2.170122213
1.038310487,0.856952304,0.463960172
1.397589331,2.12942765,2.110917175
1.282254477,0.335186654,1.429002506
2.033262491,2.956252357,2.64082028
2.008746283,0.46711455,0.851035764
2.70210584,2.050483821,1.004616896
2.806651973,1.068274657,2.937733323
2.779070544,3.015248834,2.972836299
2.077053244,0.030911343,1.141839013
1.186608424,2.518682978,1.675821629
1.75849085,1.426540368,1.926004126
1.408192837,2.685536775,1.951365401
0.067960451,0.509538644,0.118263607
0.822530201,2.094718414,0.434399531
2.241807795,1.319572461,0.96872176
0.591839984,1.896375134,1.275833912
3.894165186,2.528131888,2.697351221
1.070092405,1.582022289,0.985084254
2.673400576,1.096492859,1.898640575
3.526681677,2.117126775,3.682845748
0.553359009,0.562341226,1.248237698
1.909707177,2.484562778,1.76062449
1.310109097,1.617224084,2.449853185
1.957713028,0.579657365,0.378812552
0.646528202,0.853212851,0.707671254
0.688537445,0.482838393,0.463655325
2.633304448,2.338504789,2.649452323
1.479427407,2.450681012,2.227066085
0.528859275,1.100360506,1.420442193
1.178199184,1.738500369,1.63136635
2.592948849,3.650309379,2.142535786
1.923491996,2.994188274,2.288605354
2.935357769,2.833454125,3.216599585
1.31293855,1.439207232,0.46733129
2.603328289,2.146336106,1.325069081
1.507194715,0.455944784,0.810154531
3.244878953,2.84651631,2.197177208
1.8608044,-0.107761697,0.580570103
2.713441059,1.284818045,1.905426837
0.707958546,0.395776947,1.381176356
2.900682887,3.098597485,4.34100497
1.608457581,1.442919811,1.847428913
2.113745574,1.175564442,1.417609022
3.282099428,3.715706623,3.111372662
1.111685782,2.535296169,1.845310381
1.030501451,0.113826444,1.863770169
0.534398065,-0.01377555,-0.596606161
-0.108074828,-0.414469112,1.125259907
1.228194559,0.768254678,0.484685596
3.446018316,3.821698668,2.996959276
-0.055653619,1.763645238,0.71116765
2.9765161,3.661465198,2.666658555
0.481953268,0.647335156,0.002161223
0.428198356,1.052599579,0.903607229
1.809773215,2.388323438,2.375371933
1.369321512,1.355802124,-0.002920815
3.571718954,3.394445774,3.767946788
3.260696132,1.984961191,2.731814262
0.380170743,0.193075569,-0.478893095
2.714802051,1.706773699,2.530978855
0.651157429,1.278763211,1.920206122
2.316343442,2.357511399,2.179041146
4.078664897,2.899502958,2.459710182
-0.026946131,1.200363236,-0.273771628
1.655009131,0.912046807,1.143739502
0.716116996,0.714553285,1.565470153
0.922223303,1.486056431,1.695284898
1.654116805,1.891823749,2.399902468
1.540141613,0.141624771,0.44500022
0.104446542,1.144418745,1.049129183
1.380613805,2.032314799,2.38318566
0.648994089,-0.62110006,-0.20316218
1.565605364,1.980348424,2.676467758
1.60045041,1.079373388,1.171993183
-0.359778078,0.254962347,0.339316266
0.970346612,0.892623691,0.425731672
0.547763937,2.333277854,1.338989098
-0.288433128,0.699988034,0.315079406
3.585799872,2.946181307,3.607292727
1.712847314,3.646607415,2.423654568
1.61014555,2.043043729,0.95563537
2.157792368,3.561302896,3.406683741
2.499464698,1.680204433,1.475795792
1.236765818,1.702807219,2.209216032
3.121346579,3.148136085,2.888892045
0.27080993,0.096777298,0.935263457
0.529886384,0.08403038,-0.077911344
2.000203771,1.443334833,2.264140705
0.180965858,-0.067109846,0.045928153
1.685698124,1.047454872,0.431823651
0.895857966,0.092673559,0.232948564
1.684598766,2.360297601,1.927161058
1.867691143,2.288660276,1.514288048
1.095697247,2.20515184,2.284635067
1.548363906,0.398467856,-0.354065824
-0.888420501,-0.552434864,-0.497843483
3.16927812,2.582676038,2.922543344
2.097359439,4.100812622,3.398642017
1.670432087,2.370630986,2.618411687
0.947811771,0.137083619,0.763025631
0.16830201,1.469436947,0.895134142
-1.148880923,0.376486434,0.463065795
-0.345083011,0.069346084,0.036859395
3.767163953,2.86282878,3.346918577
0.354910566,-0.181515477,0.603814339
0.908082016,1.182751728,0.339972537
2.12286765,1.162242218,2.357917534
2.026434308,2.99133534,2.92370204
1.81282211,1.667060976,2.15878048
0.317984875,0.305554867,1.145959356
1.310507807,0.846656075,1.866735901
1.479295119,1.571585929,2.5495918
1.410808,0.839077528,2.787359885
-1.649121042,0.382193841,-0.501153821
1.974292795,3.131772875,1.175096355
-1.251204924,-1.046565263,0.040315623
1.722262444,2.534053894,-0.009043398
1.036461102,0.158769112,1.064051732
2.157805771,1.092446982,1.941748011
3.472714353,2.93755812,2.263867815
-0.406351962,0.352994184,-0.091198423
2.582900776,1.836162444,3.677783239
3.397283403,3.205068354,2.486975188
1.179811019,1.572521156,1.040906649
-0.519806938,1.583232968,1.879940235
-0.114468612,-0.288414794,0.294565651
1.441776415,0.328933681,0.823775948
0.777513006,1.784394246,2.233116411
2.763787234,3.83045206,2.074331673
1.407641933,0.759656016,1.112634012
1.350580473,2.208537747,2.477679685
1.04956994,2.053522814,2.597097927
-0.660161589,-0.179902741,0.651033479
3.696424363,3.263344121,2.510381906
0.699801202,0.115869445,0.760594207
2.294396087,3.185481639,2.909838168
3.16128349,2.650199477,3.337055121
3.330370664,3.178009919,1.816493693
0.415844837,1.060232511,-0.422951266
0.250805394,-0.911948011,-0.045844342
2.891577645,2.261076223,2.545773524
1.945614795,2.278527148,2.556520656
4.312669914,3.741383124,2.651417064
1.051999169,0.106758612,-0.230885063
2.579547748,3.213810954,2.467878624
2.705452668,2.463149849,2.376460354
1.988580594,0.705450915,1.106337252
-0.693518651,-0.903897772,0.501106819
2.221293479,3.348729852,3.17911494
1.519603832,1.554029981,1.563535857
2.448532807,2.5852997,1.881595627
2.086057198,2.920919792,3.33666561
0.685936702,0.115161917,0.208616835
2.320719504,3.297918407,3.459606194
2.422894385,2.081373417,2.155377836
-0.149820273,0.111358074,-1.109167132
0.180160873,0.239575177,0.958171325
3.577003451,3.284169146,3.162586348
1.916693669,-0.256725046,1.319659702
2.065642533,2.215778884,2.378139055
0.901303654,1.259618519,2.152103092
-0.638857463,-0.21997535,-0.81983121
1.348835816,1.54403128,1.322265626
0.299429103,0.653016941,0.156560675
2.186252033,2.317366962,2.808496865
-0.495659129,0.762129467,0.103905908
1.470475005,0.771139241,0.036347377
2.720719656,1.70127079,2.803563942
-0.412063671,-0.686347816,-1.436170652
3.196069565,2.821123916,3.471011953
2.124787983,3.636221986,2.800395692
1.182881494,-0.097323935,-0.489353935
2.469104834,2.769310138,2.455144232
0.182822727,1.159482899,1.659904343
2.356858096,2.367936305,2.945610913
1.796172572,0.393311052,0.825927491
2.907092702,3.964888934,3.004815207
1.790494698,0.967844986,2.532395367
2.449060462,1.384379027,2.937933611
0.287255217,1.046691731,0.464607676
2.844690521,3.058153527,2.9574772
0.297520141,-0.433392721,-0.918306577
0.078926112,1.190646561,-0.369051368
1.393744859,1.379487343,2.101298591
3.439343651,2.283787527,2.128840945
2.156381185,2.407680763,2.180971718
0.299003677,0.926372717,1.54378886
0.321900282,1.173444671,0.23730789
3.194173,2.341801406,3.255609853
3.314782722,2.95845214,3.168615091
3.445936698,2.882017908,2.932748314
-0.34285351,0.152662834,-1.038605948
2.841565389,2.593667895,2.810948603
-0.190824461,-0.759701693,0.368637307
1.626419412,1.782744293,2.270933518
3.586492881,3.130188138,2.502326499
2.439855554,2.127751455,3.83430884
1.4270823,2.557344017,1.955544568
0.524040385,0.383612707,-0.814356348
2.645223747,1.888578877,1.175409677
1.345739885,0.749624059,1.000017205
0.205929117,1.41148565,0.234339051
0.977133577,0.645319206,1.041583714
2.070618306,2.070544233,1.240027346
1.598686983,3.581459404,2.583837664
0.115752962,0.735534883,-1.357987682
1.467490682,2.580052582,2.579878246
0.54589274,0.791868282,0.527903478
-0.05412781,1.114061729,0.267666435
1.29307163,0.793684757,0.108254686
3.294377361,2.504388012,2.492124744
0.796547997,2.693912415,1.206552125
2.20992742,1.975858432,1.78232428
0.404221418,0.329377312,-0.580532813
2.842774928,4.230422804,3.255594124
2.730350428,3.333012152,3.557128407
0.849217998,0.919524958,0.498018765
0.067570672,0.819815995,-0.962664263
-0.153293434,-0.049245698,0.089592901
2.62253573,2.843966281,2.894780042
3.02729874,2.393808902,3.111990537
0.684269072,1.038083828,1.259569094
3.20784833,2.301229796,3.474802496
0.298620509,-0.121277389,-0.587857272
-0.178926292,-0.305327003,0.912328783
0.904870278,0.481460861,1.448870861
0.133795835,0.612332213,0.0076055
2.485733278,2.906721822,2.167329512
2.503480297,3.074820771,2.639943565
3.793914618,2.82952243,3.387768313
0.762260333,2.836650266,2.092890835
1.805293251,1.907151242,2.387456555
0.821939308,1.152430688,0.991830259
-0.175759418,-0.656527064,0.570891819
2.627359958,2.253533734,2.863834766
1.860989659,1.425549791,2.811954124
3.075025587,3.051857493,2.455358574
0.744918684,0.797457158,0.923197676
0.289393798,-0.703670931,-0.782622509
2.38395549,1.953473502,1.904602578
-0.917349364,-0.033671786,1.031314442
1.684080069,1.888594038,2.458424005
0.817511294,0.131606872,1.015121839
-0.308379498,-0.116982018,-0.815617823
0.938668319,1.069736145,1.160137022
-0.180462116,1.461260789,-0.425265928
0.17683554,-0.46016384,-0.264820106
0.728019851,-0.292560197,1.976000677
-0.598205227,0.812871891,1.748657443
0.67561135,0.642527892,-0.263518104
-0.055426815,0.42935206,-0.476082039
-0.313550929,0.332856495,-1.190373204
1.196284375,0.586816711,0.888122548
0.175767242,0.667681251,0.843460107
-0.776099438,-0.19443035,0.360919371
1.130686939,2.248707365,2.251744801
-0.728801259,-0.854570572,0.533740802
1.769694975,1.385637218,1.762963389
0.794680213,0.016747766,-0.556866384
1.347076658,3.287587058,4.003473979
-0.298586356,0.129518861,0.274402139
-0.619607135,-0.945298844,-0.490757352
0.902363971,1.638533124,2.00007317
2.482385016,2.465124937,1.973179188
2.503577008,1.552485712,2.548992194
0.256288426,0.189200188,1.019611104
0.505033603,-1.29842989,-0.146240607
3.104680073,2.591638861,2.39740532
3.676767702,2.39896429,1.87143694
1.774249836,2.54138236,0.622446868
2.541045977,1.697825978,2.153973931
0.793360815,-0.332776315,1.003142197
0.640187039,0.250041735,0.747505596
1.662590426,2.16294258,1.637037815
2.807687759,3.827724055,2.496554725
0.467047497,1.480202292,1.427471322
-0.668417804,-0.447140734,0.131163177
2.034468596,2.231192325,2.880360814
3.100570458,2.788944024,2.929902352
3.192348404,1.390634501,2.260338167
2.223582078,2.197961125,1.179129233
0.234099675,-0.007442204,-0.846986397
1.925795194,0.820152806,1.764020345
1.060058528,-0.097133192,1.103506989
-0.42582503,-0.212534214,0.963385174
2.429744293,2.13204008,1.198582061
2.495440056,3.106836358,1.805030509
2.749969057,3.557394443,3.913695201
3.597262686,2.836054962,3.092318544
2.675642628,2.975201255,3.605535246
0.581820333,-0.205788668,0.359109697
2.097893405,2.621737252,2.159570474
3.354475344,4.286457484,3.669965442
1.17029061,-0.418104139,1.064068726
1.457764362,1.088555484,1.002291855
1.004396369,0.017782248,1.900008356
0.655773046,-1.311485525,0.976667108
0.458554716,0.179819533,-0.556711636
1.771917368,2.351596317,1.856806095
3.550878869,3.97507039,1.650570351
1.775284477,1.866452688,0.674803165
4.179476079,2.120681914,4.012849151
1.800733286,2.131504284,1.125501889
3.259834876,2.714701445,2.894193487
1.874903446,2.021226372,1.908129746
1.631021821,4.260765586,2.096116096
-0.097839591,1.676650805,1.308399869
0.294306028,0.715380468,-0.403848593
2.355320943,2.727778377,3.625160333
0.620722564,0.037740275,-0.02630503
1.801715579,1.401793287,0.781931802
2.78768395,3.355721789,2.146093677
-0.044072931,-0.674123222,0.151950155
1.458620033,3.26853844,1.900495762
0.368246674,0.90493019,0.544022064
-0.118406744,1.195483606,0.706126471
1.95325037,1.138366595,1.352615357
1.567916288,1.8469988,2.644676422
1.0158645,1.852334536,0.727445027
1.586165155,2.005122166,2.790537523
3.106230612,2.744383943,3.144805514
1.637988755,1.33718122,1.956096107
1.228461011,1.363464052,2.519886522
-1.095770205,0.685273781,-0.488823554
1.966941011,1.993949096,1.564579718
3.510685687,3.873457892,1.789712856
1.379652719,0.253116796,1.705229876
3.250189384,2.762413214,3.066797623
0.601244445,1.363274921,1.205915096
3.19271618,3.27177759,3.060046068
1.899565432,2.207828532,3.128253923
1.438117641,2.470240059,1.442442424
1.60132853,-0.240006273,0.880164331
2.423135326,3.489226362,3.595903947
-0.336454976,-0.471171503,0.267639919
3.264123301,4.319157636,2.76429589
0.797050129,1.110068876,0.562572457
-0.406391078,-0.405116737,-0.836674524
2.733116859,3.35530569,3.127594828
-0.648807417,1.379906653,0.347011644
1.296410237,1.924618774,1.799314686
1.783621493,0.4784261,1.221004178
0.206547543,-0.765880491,0.514762396
0.037094442,0.724239145,0.789813037
3.854313773,2.576765071,3.320817678
2.142157514,3.001620671,1.74092481
1.457630507,0.538254942,0.923122775
3.426419506,2.981100037,3.556032113
1.378593304,1.092456389,1.16288718
3.302871516,2.61372883,2.629040209
2.492552974,1.608343899,3.797982102
1.466973059,1.28186225,0.057689727
2.452612506,2.926261061,2.2057776
0.413742436,-0.392050539,-0.006281347
-0.202403063,-0.621263889,0.920788024
-0.323237191,-0.200085287,0.760313358
-1.35473568,0.45873159,-0.425958573
2.820260536,2.927258037,3.03006723
2.134467046,1.694383248,1.220187039
1.383666845,1.369525062,1.119144713
2.757307559,1.981706095,2.217939599
0.242207825,-0.408959723,-0.977878953
0.766183436,1.623277786,2.118368681
1.941404456,1.455487768,2.030413089
-0.204574946,0.071569006,0.696836628
-0.521067171,0.164106716,-0.511949737
1.671064267,1.278579398,1.236931868
1.328678721,2.732382894,1.514938509
1.749858574,1.543681203,0.168035324
2.966015706,2.826072841,2.839189751
-0.475904117,-0.042287008,0.280806372
1.461776753,-0.0025503,0.540080888
3.615504573,3.225712095,4.451937467
-0.085479972,0.195130168,0.125497954
2.477180025,2.961919724,3.190670225
3.07166856,2.753877903,2.876093778
0.632754954,-0.337743311,0.950436797
2.572213094,2.763116004,2.230060397
0.544748322,2.290808421,1.962831853
2.142451485,0.62997054,1.346795508
2.626036812,3.539945349,3.827623969
2.346701494,3.26804939,1.979675957
-0.268757587,-0.231219635,-0.360809387
2.016219471,2.208931001,2.044229584
4.497580986,2.990756005,3.692375771
1.727657535,2.369099527,0.801740747
2.628244582,1.44627507,3.190859979
0.091477405,0.641111643,0.267579812
3.703500509,2.71164457,2.003256727
1.363605817,1.707656276,3.410611714
3.160626485,2.811438263,2.672814359
0.233043308,2.22589472,1.468407039
2.219831986,2.169793338,1.255892416
0.818696192,0.87740381,2.465174693
4.279949619,1.532928509,3.319268338
0.76997879,-0.347031059,0.935493769
1.640681861,1.623733148,2.378739061
-0.137654338,0.316101328,-0.00454
-0.14355546,-0.193188092,-0.09386076
2.281962668,1.959301085,0.480620895
3.786636221,2.738056584,2.233940964
2.285214365,2.669028834,2.253542865
1.731113338,2.113010457,1.675376157
0.052297433,1.247532048,0.227552311
2.392495167,1.525458175,1.066074547
3.059321056,1.9502468,2.110157506
3.095386157,2.202943403,2.29357563
0.338890585,0.603733432,0.500786089
-0.244743609,0.30308242,-0.603814496
-0.85498814,0.557196342,-0.679431156
1.886595926,1.919369479,2.689817182
1.338368929,0.12582125,1.426761028
-0.305787478,0.221606313,0.266653345
-0.268913559,-0.445505881,-1.391256265
-0.419046205,-0.663266161,0.986182064
0.798611334,0.410588457,1.22062377
3.268221142,2.103674522,3.812730741
0.934715773,0.536913661,0.279781677
1.192800214,-0.428366463,-0.730710572
2.308309284,3.136129262,3.994788616
-0.196357661,-0.616401397,0.159493263
1.986274868,3.266733912,2.806089944
0.041200093,-0.716954888,0.638871162
0.748183213,0.866735004,0.601648954
0.027445499,0.796575624,0.723860368
2.705733203,3.223843554,4.084935151
2.006744835,2.472913415,2.171268816
-0.290319209,0.454718801,-0.796279477
2.258920676,3.003540463,2.057536585
3.549194254,2.840544769,2.460793789
1.659351625,4.115862905,3.353028832
2.571751414,2.668176629,3.921053531
3.408368812,2.681641182,3.483124994
0.459867394,-0.758136525,-1.158307275
2.33535673,3.892420475,2.023009972
0.910219275,1.493452152,1.97517739
1.652605612,1.999500885,1.017073173
1.336262101,1.093398874,0.413450438
0.400485499,-0.12589744,0.159797417
0.918292246,1.886052896,1.194568047
-0.647305161,0.661318133,1.708825563
-1.051705979,0.669223969,0.514874342
2.714902554,2.748280201,3.528284852
1.774031075,1.245664886,1.789178553
1.405482411,1.122129889,1.797406059
0.960986188,1.315150342,0.037251762
-0.238734014,0.579564986,0.054237562
2.092482379,2.517845005,2.850404446
2.692553878,1.26951004,2.426396932
3.485052846,3.240591285,2.984249538
1.671616753,0.951325755,1.141456333
0.563733544,1.637487931,1.15210911
3.721429804,3.302589855,4.678731108
0.098353045,-0.366121085,0.436546232
2.187724112,3.091058613,2.500158131
2.488396935,3.713903124,2.69584672
0.330149682,-0.157852526,-0.61551348
0.352645451,0.989194066,-0.731314685
1.983996454,2.267326463,2.393383237
1.485611359,1.788481502,1.285029165
2.256958197,2.043985063,2.35043119
1.653766442,2.064118805,2.861226641
0.99371314,1.190709593,1.257353315
1.399569118,0.790178612,0.510101139
-0.262701469,-0.601270231,-0.77475648
-0.275029443,0.301513179,-0.391271024
0.137499396,-0.163764112,0.362299799
1.344430531,1.25598039,0.9260403
-0.252660644,-1.373009189,-0.032397403
0.590798469,0.831820758,0.813212722
1.904726878,2.18434791,1.560055589
1.626188923,1.258611254,1.390217234
2.004311782,1.504445251,2.482960232
1.428183127,2.439210478,1.717898077
1.330516735,0.889001648,1.040588129
2.695851958,0.93008919,0.989847412
1.313551252,1.676893453,1.491207669
2.615063701,3.182718318,2.770371432
3.077438772,2.532673259,3.383989414
2.364207343,2.752634,2.819217369
1.598502249,1.961996944,2.128447951
0.419881809,-0.117520365,0.612331677
0.687236983,1.078771848,0.582563744
0.763630558,1.054712657,-0.509975248
2.34735827,0.586667598,1.956660764
1.803606314,3.511787138,2.98236704
0.718228212,0.6282458,0.650857485
2.249177948,2.075403284,2.662819983
1.928524079,2.763628611,1.451122534
3.321618632,3.25560148,2.176456417
2.694301732,1.852894707,2.390360368
2.082126162,1.441352995,1.652144902
1.176702626,0.258647964,0.766021288
3.826031599,2.504356822,2.697442204
3.4701299,2.335296362,4.109036885
0.557306141,0.945478629,-0.286923996
4.053583943,2.095678148,2.090856464
0.501970061,0.669060634,1.192833499
2.22167849,3.444983213,3.845709464
-0.993576081,-0.30967141,1.31295178
1.77371588,1.795913091,1.257665312
3.532264432,3.382099022,2.956873711
1.246317648,0.302462573,0.155339232
3.586928991,3.168780161,3.516863271
0.722648468,1.518852907,1.362405092
2.46857519,2.10206605,1.450785405
0.706007215,1.193453687,0.836947335
2.725423194,2.548827894,2.207053481
1.363997918,2.354241031,1.871007444
2.438255737,1.445771145,2.585251414
1.215089365,2.705314701,2.613878146
1.037404263,0.455809294,1.067383428
0.365500404,-0.126017501,0.283944275
2.480636959,2.255919973,2.745027356
1.543025786,0.954685527,0.910909728
0.03559372,0.544185077,0.479369064
0.45321306,1.924275272,2.161798114
1.66897556,0.614256247,1.813661527
-0.695704767,0.68950516,0.134967653
0.750133401,1.862475903,1.546208345
3.764249306,2.826283526,3.052384507
0.00332038,0.371531238,-1.921650528
2.014633064,2.36665547,2.876508541
1.154460105,0.588777235,0.968676394
3.067732935,3.397826683,3.557109001
1.32706711,1.638293967,-0.087206279
0.595358698,-0.393498496,-0.515104796
2.127143517,2.112241506,1.290549726
2.014277453,2.327760323,2.08759275
-0.182842893,0.502536145,-0.391640313
1.705222744,2.434187139,2.526887528
3.826201217,3.404557923,3.024427359
1.139384602,1.307107889,1.017571458
0.551297664,-0.239190193,-0.072876714
1.074679713,0.327412606,-0.087871328
2.06159147,1.402947589,2.980884817
-0.597977192,-0.175505515,0.51977454
-0.100439113,0.670257518,0.496259729
1.233097564,1.292593443,0.164157119
-0.206700004,0.84702753,0.274959533
3.087299978,3.754725941,3.819874772
2.282536898,1.020735906,1.674614969
1.709017201,2.18071767,2.983862776
0.357225742,0.529427479,1.128312403
0.675392394,1.101551623,1.136488737
0.103696961,0.586592463,0.161993593
4.488356394,2.956353902,2.001043226
1.466732615,1.523580778,1.060404447
1.244808079,1.368100604,-0.077633548
1.052363958,0.457635877,0.980345464
-0.066273516,0.363536543,1.237236939
-0.268828993,-0.46077173,-0.450902472
0.591808019,1.510933987,0.778175841
2.560997492,2.004589512,1.162452698
-0.182924124,-0.298224715,-1.185083888
0.185497605,-0.091772623,-0.340677663
1.521201098,3.329762186,2.201235203
1.531523333,1.379534615,1.422376796
2.156422976,1.447125736,3.0891294
2.134577159,2.301022877,2.56384
2.608643605,2.561545891,3.551814507
0.054698466,0.753322942,0.094140974
-0.164834418,0.340593416,-0.058846129
3.367308488,2.864026861,2.704335461
0.320681543,0.532725858,0.085038465
0.930914779,0.984207567,2.23391081
2.056551416,1.537316919,1.860080939
0.22274451,1.06061032,0.120913016
0.946801529,0.431296244,0.061930187
2.080884051,2.259186503,1.827213986
2.471036841,2.884198336,3.532702022
1.964405713,1.000111372,1.654169696
1.36912257,1.432305828,0.072308986
0.88540286,0.77451469,0.227297665
2.163548444,3.612905156,2.555098393
3.699101742,2.764893426,3.04498271
3.085826025,3.624673605,3.541353969
2.202712386,2.834019705,1.774672799
2.342140717,2.753048761,3.145879025
3.280478057,2.745894311,3.338470563
1.921536133,1.016585585,0.640988001
0.439778617,0.946758732,1.157606562
2.822319895,1.453333984,2.408881054
2.873998844,4.04586667,2.511232438
0.623630421,1.908907715,-0.043514368
2.294870513,3.108481052,2.484887956
2.373606086,1.514087366,1.320914632
0.39698167,0.539300571,0.771109196
3.878976089,2.30361758,3.249634354
2.5110039,2.903325375,3.219203539
3.194598405,1.814975905,3.524697059
2.49594311,3.662042086,4.161670447
0.847361404,0.736684819,-1.179186326
1.962692878,2.687761897,1.981286965
3.00454235,1.071048845,1.36905258
0.071259324,0.656400317,0.326594922
2.638972082,2.049955163,2.931737555
0.719702272,-1.036086384,-0.368249814
-0.62460733,-0.200083637,0.236881117
1.176080938,0.417921341,-0.176484935
2.456232678,1.830036265,1.540508322
0.208767466,-0.410376988,0.405789713
0.188603633,-0.035584121,1.092786835
1.762692911,2.281324874,2.929965746
1.389319346,1.608463289,1.194316132
1.369042362,1.388427134,1.334082451
2.401025549,2.567781465,2.251669666
0.194521583,-0.159660799,0.107476586
3.924566629,2.319560414,3.228942712
0.591658469,-0.112148832,0.854294595
1.32734146,0.940801012,1.504078108
2.29080663,3.234993265,3.502702462
4.116150371,3.450471021,2.230594203
2.827246132,2.022550943,3.608957045
1.329741643,2.403961959,4.272264458
3.269651544,3.748546632,3.368405289
2.64435202,3.076823035,3.344271265
1.677827625,2.054875568,1.848719567
2.415125013,3.823460745,3.194455442
3.315868607,3.134874966,2.816364004
1.258899408,0.97190543,0.724663242
-0.2304264,-0.634563369,-0.408656739
2.019160049,3.896136128,2.252717921
3.655813488,3.695302665,3.647003503
0.741511657,-0.088079252,-0.518037034
2.652678146,2.731615585,1.462380334
0.998611344,1.321743291,2.341330273
0.291085081,-0.573443679,0.351998372
1.317106708,1.648944119,2.32093139
1.559494078,1.161544747,1.403398174
3.493599241,2.827889835,2.271419211
1.3546951,0.986899979,0.973941271
0.067255346,-0.811450654,-0.212051429
-0.337997936,-0.828997824,-0.334117858
1.149133911,2.140233084,2.830312957
-0.584607537,-0.633606809,0.528328189
-0.125617286,0.600982855,0.336521668
2.204092929,2.633367339,2.389655415
2.527315374,2.908481762,3.433054806
2.653446873,2.762511796,2.036244541
2.155926086,1.850548702,1.777885776
3.483524602,2.58562952,3.503835879
-0.485920408,-0.592833512,-0.055548438
3.532997655,4.442727315,2.787744381
0.070085745,-0.130543256,0.228837957
0.083972142,0.205292103,1.420038087
0.545173303,0.384150283,2.338590213
0.30839434,0.537470535,1.123852459
-0.173358635,-0.078756398,0.921517664
1.332024733,2.035102284,1.56347875
0.107814156,0.853717938,0.493603303
-0.096786416,1.101893402,-0.017411259
2.152234857,0.040019177,-0.56963603
2.094951658,2.892979836,3.320306751
0.03361986,-0.195169025,0.501611322
1.063345653,2.2730569,0.871727854
-0.620952904,-0.497436456,-1.239371394
1.10262065,1.853994377,1.818012225
-0.330708591,1.430610456,-0.053966403
0.566700653,1.088444713,-0.044071296
0.307651155,1.310162991,1.166252625
1.420667964,0.454708952,1.370055008
-0.480105563,-0.61272559,0.158140339
3.005890313,2.15388354,2.468630031
1.498801851,2.379779337,1.621762958
1.871185186,1.670763425,2.04505243
0.980346073,0.696880186,1.143412392
1.973505916,2.120527563,1.68125002
1.556898316,1.170470417,0.775936902
-0.47521121,1.341398496,1.887358016
-0.503881753,0.779131145,-0.103841793
1.798374264,1.918515759,1.948294695
1.197461299,1.781414637,2.129855094
2.607580505,3.090912817,2.999686736
1.686795024,0.668441992,1.149387462
0.719271712,0.607915948,0.586328818
2.792291275,2.563024628,1.17103786
1.693862845,1.100870882,1.234396626
0.462660713,0.463757901,0.18442474
1.182890286,1.371611104,-0.405446752
0.269350084,-0.416334644,-0.250205208
-0.802238586,0.714252097,0.236927074
0.345228038,0.544243058,-0.220907356
0.343592135,-0.092367611,-0.569126328
2.409054864,2.118250324,2.873276457
0.889545995,1.056137592,2.209550946
-0.994474037,0.001276958,-0.496662
1.350843388,1.28659485,0.563681204
3.477442554,1.814484019,3.622348425
1.83305932,0.15460871,0.863724843
1.680304742,2.134802869,1.207918053
0.92275569,1.602937318,1.885858656
2.382385553,1.778496195,2.549704116
0.584759768,0.79003665,1.617677706
-0.633162803,0.694325451,0.405291666
1.590681209,2.237199779,2.28792675
0.327774687,0.063161359,-0.753937198
2.064791952,1.670372779,0.726453068
2.675304697,1.667189291,1.428364119
3.146138955,4.32865697,2.380017157
2.687182559,2.856208279,1.347728064
1.241225621,2.340255754,1.377518745
2.13091699,0.545323168,0.879464436
0.275606032,1.310088344,1.870084484
0.062125119,0.191098785,0.312318377
1.946704302,2.790138712,1.8969746
-0.047655346,-0.422344056,-0.258811746
3.196046298,3.19402862,2.235895604
1.703823754,0.010476942,0.530035384
2.82708923,2.424918152,2.883954426
2.290960626,2.517543842,3.604762431
-0.853236301,-1.333505831,-0.449959766
3.731013199,3.206225232,2.35459699
2.069173372,1.843147573,1.560529873
0.959789138,-0.311104081,0.010924165
0.833240008,-0.014244038,1.277765422
0.796172469,0.729562059,1.465274841
0.823395458,1.172097053,0.685566753
2.286899467,1.325968217,2.345750574
3.406546929,2.679417482,3.650763782
3.393220979,2.852624566,3.06755379
3.397407984,2.176570813,3.633420844
1.551743349,2.042748973,2.425961559
0.209776868,1.114712655,-0.282951301
1.340023201,1.995295651,0.576401315
3.024620734,2.890309,2.770594636
-0.810250579,0.234490985,-0.376434438
3.389900232,3.48218909,2.410361557
-0.954861872,0.199216146,-0.788980575
3.370066976,3.213231292,3.25298044
-0.20627885,-0.09667059,0.378875662
-1.054855472,-0.820348876,0.470563469
2.690057005,1.924725722,3.618368356
2.188326876,3.272344181,2.413594404
0.302997132,-0.67653384,0.021440114
1.862392954,1.722307986,1.830842238
2.050446608,3.452521652,3.095967342
0.534104246,1.186123339,1.925573519
2.43078944,2.347306209,2.205520604
3.058854451,2.688073691,3.815778547
3.116471421,2.602259039,1.481745958
3.351987426,3.352307419,2.764967616
2.863749385,3.308959169,1.645600153
0.968112271,0.388729408,0.308450834
0.980569263,0.123553139,1.062337048
-0.175928006,-0.310156323,0.350702061
3.511953855,3.560641936,1.687738611
0.604913938,1.841951639,1.47908835
0.625239553,2.427113241,0.197382052
1.150153205,1.030796938,2.303125166
1.019348299,-0.402792966,-0.30015351
3.111663452,2.447933812,2.443424429
0.561843244,1.920228331,2.179992513
2.424776907,1.492303513,2.277896209
2.749320015,2.398430818,1.863370533
2.958440976,3.178365671,2.506699251
3.375824284,3.039228156,2.56939606
3.825990085,2.913657867,2.620707568
2.689887407,1.738310988,3.390861322
1.440252934,0.840298913,1.127144049
-0.303424312,-0.313498452,0.390811309
0.317827687,0.493932465,-0.216234382
2.321391367,3.607353347,2.811694874
3.951330607,2.516827996,3.566659817
2.963527043,3.290077032,3.059589383
0.988141669,-0.05010813,0.298333716
1.338042245,0.691275642,1.988686895
0.602936005,1.025424329,0.175482013
2.870072986,2.647231949,2.584892625
-0.003861589,1.142931387,0.651157352
2.9552534,3.590724492,1.990938767
2.202136709,1.916730874,2.06089459
0.860866778,0.783270995,1.29193859
0.694978973,1.051755938,1.515577986
1.186678658,1.413274453,0.754238417
3.202659795,2.598609516,3.200063165
2.815893327,2.909517887,2.80117483
-1.128464152,0.168892317,0.115996407
1.967191467,1.526945518,2.945999421
0.366239211,0.566413452,1.056350909
3.633034061,3.168969229,3.23196105
3.632782726,1.969701564,3.795009288
2.669572698,1.690904397,1.816127596
2.451028735,1.108481031,1.222480309
1.71214939,2.354219247,1.571737359
2.058169089,2.268247951,1.261747252
3.15538158,2.18954616,1.654785939
0.89893042,1.000612273,1.249022753
2.687280121,1.343784082,1.115176753
1.759184934,3.67943075,3.090123504
1.40333032,0.719591997,1.905142815
1.893468697,0.559858159,0.257547023
1.844227608,1.043676009,0.994625876
1.306238725,1.051310105,0.317818922
3.935250384,2.985922566,3.490397096
3.058645128,2.191561358,1.687029519
-0.597227656,1.470635182,0.609188682
1.657342576,1.799244652,1.380041731
2.631498937,3.470306656,2.840857679
2.083720646,1.7162339,1.883286799
2.744962075,1.822917963,1.216960298
2.086936046,3.242241838,2.704944404
2.48584009,2.568866499,1.286883761
1.920434507,1.81521602,2.530882982
1.715920171,0.267287948,0.330163258
2.65230983,3.697258232,2.531599217
2.005209678,2.507512805,1.437472291
0.10307697,-1.276216322,-0.567375743
1.836828496,1.815635093,0.605436778
2.25765454,2.641176013,0.857410742
3.040429978,2.442415652,3.873008593
1.080661021,0.740607708,0.542946437
1.731825474,1.497585091,0.502463769
3.579650854,2.44240074,3.521988103
-0.003337755,0.671094794,0.355611861
1.894863971,3.278755047,2.569424471
0.157614959,1.635788947,0.865004776
2.054507729,3.720515438,2.454570597
0.67668153,0.321091261,1.272396427
2.925050798,1.91255984,3.090865972
2.36627925,3.402697392,3.548418397
2.080248603,1.571035486,0.668097683
2.726093362,2.673960218,2.084568129
1.44267245,0.717149098,1.964809011
0.582518395,2.288873675,1.892370462
0.425773893,-0.437566439,0.652392699
2.646263019,1.748602639,1.425513695
2.652851536,2.164019007,2.162411572
1.218151608,1.054477357,1.481307586
3.057566655,2.288904057,3.07556852
1.397582307,2.457758573,1.378820816
1.147641027,1.515886006,1.580374981
1.166478986,-0.334977198,-0.753738117
0.424592106,-0.75544959,0.942657024
1.122600631,1.856283994,1.603422098
0.871453229,1.308631743,0.484022621
1.833535436,2.87493456,2.632098527
-0.829387316,-0.523697648,0.035384603
-0.144327604,0.638730626,-1.068663657
1.849050183,2.195844692,2.260577925
-0.126996725,0.966223334,1.280478208
0.968968958,1.043283447,1.096799411
-0.536421506,0.751052757,0.452780181
-1.409647371,-0.673671261,0.279117827
2.938534731,3.714804641,2.835608194
2.317561002,2.270267325,3.297637646
0.093949831,-0.570922629,-1.425258981
0.033202332,-0.201598894,-0.347711046
2.709616869,3.919651779,3.287744274
-1.143391993,-0.200815301,0.273623124
2.626089095,2.278117717,1.605351578
0.435265017,0.496898898,1.136459785
0.364584233,1.140822402,1.241393667
-0.031348291,0.20028867,-0.069385534
2.090057048,1.822568075,3.051659742
2.719713469,1.085423424,1.090690385
0.245057304,1.09462874,0.321810688
2.971738976,2.804913775,3.112608752
2.275684176,1.426197219,1.928449037
3.582358908,2.458386118,3.675222616
2.551173982,0.197840874,2.024968561
3.284829128,3.405569707,2.973796566
3.581363859,3.455630065,2.415996734
0.518433543,-0.064997732,-0.553222454
3.465618958,2.565125151,2.388309203
3.178052132,2.952682885,3.336088914
3.933721308,3.165036623,2.731596664
2.051843516,1.803180085,2.546240591
0.291619811,-0.53798753,-0.757713879
3.261583487,2.982690466,2.802134281
1.208836095,0.69806137,1.980631206
-1.428877698,-0.548202813,-0.787961477
2.559978923,2.969998545,2.879023864
0.829377052,0.665608062,0.022644164
0.852652391,0.755495051,1.102627782
-0.35915938,0.001031504,-0.926170589
0.46794227,0.812981852,1.138281656
1.193623172,0.445325763,0.704944788
2.18376991,0.906892367,1.990483334
0.482141707,0.351158974,-0.328426017
-0.266454342,-0.463506694,0.339713023
3.187058633,2.82096481,2.819329965
2.831173359,3.433967354,1.682870441
-0.237017017,0.232935094,0.048608294
0.828157261,1.485492641,1.693561176
2.392994263,3.711809321,1.955224711
2.155328407,1.064261575,1.016722802
0.83290964,1.377858763,0.165993628
2.176869119,2.086864681,2.516714303
2.811617947,2.258579398,1.71508926
-1.111895908,-0.102966691,-0.038958161
3.467712513,2.882805443,3.343956809
2.153831536,1.080743641,2.750822538
2.147765594,2.729361489,1.662424438
0.610220785,0.553892998,0.053810996
0.79683899,-0.538606895,-0.74521671
1.464285223,2.455992477,1.090676958
0.214929375,0.715621377,0.590812523
1.87086621,1.667893826,1.589740046
0.663936949,-0.497994228,-0.274528803
2.359418737,2.033486957,1.857251718
1.147451565,0.819316134,1.265518047
2.145851926,2.721456839,1.910833713
0.749161133,1.261450283,1.092547813
0.398062274,-0.685686262,-0.938651256
1.266094955,1.681902426,0.428552854
2.647392184,3.708359906,2.131405614
1.337727368,1.92971885,2.734830377
2.11525597,1.991759067,2.90144511
0.682876496,0.314140193,1.326230695
2.287249961,3.592793488,4.238849289
3.254118366,2.544177662,2.082757375
-0.61417505,0.296354845,0.357281626
0.831389049,0.829604319,2.184062864
1.118836149,1.566316982,1.127492495
1.717195963,2.273623338,2.625483651
2.276256949,2.667524785,1.465223576
3.162196122,2.362467512,2.944949767
1.551840003,1.648903959,1.313383372
3.680444397,3.54914298,4.065179445
-0.116722031,0.692717414,-0.051318294
1.23342061,1.569362469,1.255222958
0.367100348,1.553360856,0.044075639
2.2354176,3.622553619,3.059679059
1.491943733,0.738723224,0.185246993
1.06384868,0.637133496,-0.026813671
-0.057569973,1.683453607,1.346656993
1.007714348,0.377612568,0.688005179
2.575600637,2.72459122,3.153036273
1.03545501,1.916279965,1.535641164
3.479744395,3.747277159,3.038687058
2.422570814,1.771780254,1.729731625
-0.237440156,-0.029278408,0.077298339
2.402302056,2.166136464,2.263434458
